experiment,exp_type,strain,temperature,salinity_m,max_delta_gamma,max_delta_gamma_OD,max_OD,final_st,final_delta_gamma,AUC_delta_gamma,AUC_delta_gamma_OD,n_readings,wgs_code,species,environment,has_lipopeptide_bgc,bgc_type_lipopeptide,has_wgs,CSI,CSI_class,producer_class
exp10,temp_salinity,M2-6B2,4C,0.5,14.829999999999998,308.95833333333326,0.04800000000000001,55.14,14.829999999999998,71.15,1771.5195244308757,6,NA,NA,NA,NA,NA,FALSE,6.528318792648494,Cold-stimulated,High
exp10,temp_salinity,M2-6B2,4C,1,11.490000000000002,251.60583941605844,0.04566666666666667,58.43,11.490000000000002,50.45000000000001,1246.1434441841718,6,NA,NA,NA,NA,NA,FALSE,6.528318792648494,Cold-stimulated,High
exp10,temp_salinity,M2-6B2,4C,1.5,9.249999999999991,196.8085106382977,0.04700000000000001,60.57,9.249999999999991,45.40999999999995,1203.5906918716971,6,NA,NA,NA,NA,NA,FALSE,6.528318792648494,Cold-stimulated,High
exp10,temp_salinity,M2-6B2,15C,0.5,11.629999999999995,35.74746008708273,0.41933333333333334,58.34,11.629999999999995,76.31,251.79871937420455,6,NA,NA,NA,NA,NA,FALSE,6.528318792648494,Cold-stimulated,Low
exp10,temp_salinity,M2-6B2,15C,1,10.660000000000004,36.59751037344402,0.379,59.46,10.660000000000004,71.60000000000005,254.4323720045959,6,NA,NA,NA,NA,NA,FALSE,6.528318792648494,Cold-stimulated,Low
exp10,temp_salinity,M2-6B2,15C,1.5,12.120000000000005,112.59259259259257,0.247,57.97,12.120000000000005,79.96000000000002,666.8897535311529,6,NA,NA,NA,NA,NA,FALSE,6.528318792648494,Cold-stimulated,Moderate
exp10,temp_salinity,M2-6B2,30C,0.5,17.380000000000003,69.98657718120806,0.24833333333333332,52.48,17.380000000000003,76.41999999999999,369.2549556178151,6,NA,NA,NA,NA,NA,FALSE,6.528318792648494,Cold-stimulated,Moderate
exp10,temp_salinity,M2-6B2,30C,1,12.740000000000002,48.75,0.2843333333333333,57.47,12.670000000000002,96.09,387.76703864328226,6,NA,NA,NA,NA,NA,FALSE,6.528318792648494,Cold-stimulated,Low
exp10,temp_salinity,M2-6B2,30C,1.5,12.200000000000005,254.6564885496184,0.068,60.38,9.660000000000004,90.64000000000004,1832.6886144897255,6,NA,NA,NA,NA,NA,FALSE,6.528318792648494,Cold-stimulated,High
exp10,temp_salinity,SW2C3,4C,0.5,20.51,113.9444444444444,0.18000000000000002,49.48,20.51,91.54999999999995,626.46876048659135,6,A2,B. zhangzhouensis,Qaidam,TRUE,Surfactin,TRUE,4.400833322773418,Cold-stimulated,Moderate
exp10,temp_salinity,SW2C3,4C,1,15.32,213.5294117647059,0.08633333333333333,54.57,15.32,70.02000000000001,1161.1401375822811,6,A2,B. zhangzhouensis,Qaidam,TRUE,Surfactin,TRUE,4.400833322773418,Cold-stimulated,High
exp10,temp_salinity,SW2C3,4C,1.5,6.519999999999996,123.79746835443032,0.05966666666666666,64.38,5.719999999999999,35.85999999999996,719.5419395776503,6,A2,B. zhangzhouensis,Qaidam,TRUE,Surfactin,TRUE,4.400833322773418,Cold-stimulated,Moderate
exp10,temp_salinity,SW2C3,15C,0.5,12.869999999999996,54.68838526912181,0.2353333333333333,56.93,12.869999999999996,51.10999999999997,253.04268939761135,6,A2,B. zhangzhouensis,Qaidam,TRUE,Surfactin,TRUE,4.400833322773418,Cold-stimulated,Low
exp10,temp_salinity,SW2C3,15C,1,12.540000000000006,43.341013824884826,0.2893333333333333,57.44,12.540000000000006,33.540000000000006,129.11867109423486,6,A2,B. zhangzhouensis,Qaidam,TRUE,Surfactin,TRUE,4.400833322773418,Cold-stimulated,Low
exp10,temp_salinity,SW2C3,15C,1.5,10.47,29.245810055865924,0.35799999999999993,59.41,10.47,57.00999999999998,198.51634291779143,6,A2,B. zhangzhouensis,Qaidam,TRUE,Surfactin,TRUE,4.400833322773418,Cold-stimulated,Low
exp10,temp_salinity,SW2C3,30C,0.5,18.15,63.05555555555556,0.295,51.68,18.15,115.59,505.3931964064537,6,A2,B. zhangzhouensis,Qaidam,TRUE,Surfactin,TRUE,4.400833322773418,Cold-stimulated,Low
exp10,temp_salinity,SW2C3,30C,1,13.920000000000009,52.39648682559602,0.26566666666666666,56.37,13.920000000000009,84.32000000000005,392.42016750609577,6,A2,B. zhangzhouensis,Qaidam,TRUE,Surfactin,TRUE,4.400833322773418,Cold-stimulated,Low
exp10,temp_salinity,SW2C3,30C,1.5,9.89,36.58671586715867,0.27166666666666667,60.28,9.89,54.14999999999999,242.73453868839053,6,A2,B. zhangzhouensis,Qaidam,TRUE,Surfactin,TRUE,4.400833322773418,Cold-stimulated,Low
exp11,temp_salinity,H2E-10C,4C,0.5,12.420000000000002,97.2845953002611,0.13833333333333334,63.56,5.950000000000003,20.350000000000037,206.3049314161737,6,A6,P. frigoritolerans,Qaidam,FALSE,NA,TRUE,16.131879018303806,Cold-stimulated,Moderate
exp11,temp_salinity,H2E-10C,4C,1,12.490000000000007,229.87730061349708,0.05433333333333334,65.21,4.690000000000012,17.68000000000005,458.3225000000013,6,A6,P. frigoritolerans,Qaidam,FALSE,NA,TRUE,16.131879018303806,Cold-stimulated,High
exp11,temp_salinity,H2E-10C,4C,1.5,5.329999999999998,83.71727748691097,0.06366666666666666,68.23,1.6899999999999975,5.200000000000003,135.83882968474413,6,A6,P. frigoritolerans,Qaidam,FALSE,NA,TRUE,16.131879018303806,Cold-stimulated,Moderate
exp11,temp_salinity,H2E-10C,15C,0.5,9.61999999999999,32.90763968072973,0.39566666666666667,59.84,9.61999999999999,74.55999999999995,216.27996011194728,6,A6,P. frigoritolerans,Qaidam,FALSE,NA,TRUE,16.131879018303806,Cold-stimulated,Low
exp11,temp_salinity,H2E-10C,15C,1,12.15,105.62264150943396,0.26033333333333336,57.74,12.15,83.16,633.347643132746,6,A6,P. frigoritolerans,Qaidam,FALSE,NA,TRUE,16.131879018303806,Cold-stimulated,Moderate
exp11,temp_salinity,H2E-10C,15C,1.5,11.190000000000005,329.11764705882365,0.04633333333333334,58.79,11.190000000000005,57.510000000000034,1478.471485978113,6,A6,P. frigoritolerans,Qaidam,FALSE,NA,TRUE,16.131879018303806,Cold-stimulated,High
exp11,temp_salinity,H2E-10C,30C,0.5,NA,NA,0.399,58.48,NA,NA,NA,6,A6,P. frigoritolerans,Qaidam,FALSE,NA,TRUE,16.131879018303806,Cold-stimulated,Non-producer
exp11,temp_salinity,H2E-10C,30C,1,NA,NA,0.21733333333333335,57.12,NA,NA,NA,6,A6,P. frigoritolerans,Qaidam,FALSE,NA,TRUE,16.131879018303806,Cold-stimulated,Non-producer
exp11,temp_salinity,H2E-10C,30C,1.5,NA,NA,0.053,59.9,NA,NA,NA,6,A6,P. frigoritolerans,Qaidam,FALSE,NA,TRUE,16.131879018303806,Cold-stimulated,Non-producer
exp11,temp_salinity,H5B,4C,0.5,1.2999999999999972,34.8214285714285,0.04700000000000001,69.38,0.3299999999999983,5.159999999999954,139.76600985221555,6,A10,B. thuringiensis,Qaidam,FALSE,NA,TRUE,0.32233908311034737,Warm-preferred,Low
exp11,temp_salinity,H5B,4C,1,1.3499999999999943,30.49999999999997,0.05799999999999999,68.72,1.2199999999999989,8.269999999999982,178.7710651828295,6,A10,B. thuringiensis,Qaidam,FALSE,NA,TRUE,0.32233908311034737,Warm-preferred,Low
exp11,temp_salinity,H5B,4C,1.5,0.6099999999999994,14.87804878048779,0.05266666666666667,69.34,0.4399999999999977,3.7399999999999807,92.87469792471116,6,A10,B. thuringiensis,Qaidam,FALSE,NA,TRUE,0.32233908311034737,Warm-preferred,Low
exp11,temp_salinity,H5B,15C,0.5,12.990000000000002,31.563981042654035,0.4646666666666666,60.09,9.379999999999995,39.90999999999998,115.84625974922218,6,A10,B. thuringiensis,Qaidam,FALSE,NA,TRUE,0.32233908311034737,Warm-preferred,Low
exp11,temp_salinity,H5B,15C,1,10.810000000000002,72.8205128205129,0.27199999999999996,63.42,6.329999999999998,48.21000000000002,376.508849678829,6,A10,B. thuringiensis,Qaidam,FALSE,NA,TRUE,0.32233908311034737,Warm-preferred,Moderate
exp11,temp_salinity,H5B,15C,1.5,9.870000000000005,75.68181818181846,0.17533333333333334,64.01,5.670000000000002,38.04000000000006,438.3193586726025,6,A10,B. thuringiensis,Qaidam,FALSE,NA,TRUE,0.32233908311034737,Warm-preferred,Moderate
exp11,temp_salinity,H5B,30C,0.5,NA,NA,0.296,62.49,NA,NA,NA,6,A10,B. thuringiensis,Qaidam,FALSE,NA,TRUE,0.32233908311034737,Warm-preferred,Non-producer
exp11,temp_salinity,H5B,30C,1,NA,NA,0.17299999999999996,61.11,NA,NA,NA,6,A10,B. thuringiensis,Qaidam,FALSE,NA,TRUE,0.32233908311034737,Warm-preferred,Non-producer
exp11,temp_salinity,H5B,30C,1.5,NA,NA,0.18433333333333332,61.02,NA,NA,NA,6,A10,B. thuringiensis,Qaidam,FALSE,NA,TRUE,0.32233908311034737,Warm-preferred,Non-producer
exp11,temp_salinity,H5G,4C,0.5,1.7600000000000051,38.82352941176482,0.04633333333333334,68.87,1.019999999999996,7.769999999999996,194.852321342562,6,A7,B. thuringiensis,Qaidam,FALSE,NA,TRUE,0.05074972945308985,Warm-preferred,Low
exp11,temp_salinity,H5G,4C,1,1.3000000000000114,29.104477611940553,0.04799999999999999,68.38,1.3000000000000114,6.856000000000066,147.76208630759388,6,A7,B. thuringiensis,Qaidam,FALSE,NA,TRUE,0.05074972945308985,Warm-preferred,Low
exp11,temp_salinity,H5G,4C,1.5,1.6499999999999917,37.61538461538451,0.04700000000000001,68.49,1.3400000000000034,7.129999999999981,210.24795591894716,6,A7,B. thuringiensis,Qaidam,FALSE,NA,TRUE,0.05074972945308985,Warm-preferred,Low
exp11,temp_salinity,H5G,15C,0.5,12.210000000000008,32.560000000000024,0.403,58.38,11.160000000000004,43.53000000000003,130.16832394663277,6,A7,B. thuringiensis,Qaidam,FALSE,NA,TRUE,0.05074972945308985,Warm-preferred,Low
exp11,temp_salinity,H5G,15C,1,10.059999999999995,43.08176100628927,0.3016666666666667,61.93,7.809999999999995,52.549999999999955,324.8386137879172,6,A7,B. thuringiensis,Qaidam,FALSE,NA,TRUE,0.05074972945308985,Warm-preferred,Low
exp11,temp_salinity,H5G,15C,1.5,10.729999999999997,50.507462686567166,0.29200000000000004,60.33,9.379999999999995,58.809999999999974,363.2263728794357,6,A7,B. thuringiensis,Qaidam,FALSE,NA,TRUE,0.05074972945308985,Warm-preferred,Low
exp11,temp_salinity,H5G,30C,0.5,NA,NA,0.4326666666666667,61.84,NA,NA,NA,6,A7,B. thuringiensis,Qaidam,FALSE,NA,TRUE,0.05074972945308985,Warm-preferred,Non-producer
exp11,temp_salinity,H5G,30C,1,NA,NA,0.2933333333333333,61.12,NA,NA,NA,6,A7,B. thuringiensis,Qaidam,FALSE,NA,TRUE,0.05074972945308985,Warm-preferred,Non-producer
exp11,temp_salinity,H5G,30C,1.5,NA,NA,0.25166666666666665,60.34,NA,NA,NA,6,A7,B. thuringiensis,Qaidam,FALSE,NA,TRUE,0.05074972945308985,Warm-preferred,Non-producer
exp2,temp_only,SW2C3,4C,0,22.42000000000001,134.52000000000007,0.16666666666666666,46.98,22.42000000000001,94.56000000000006,728.4755772223415,6,A2,B. zhangzhouensis,Qaidam,TRUE,Surfactin,TRUE,4.400833322773418,Cold-stimulated,Moderate
exp2,temp_only,SW2C3,15C,0,11.780000000000008,30.89160839160841,0.39366666666666666,58,11.260000000000003,57.220000000000056,163.62970153555094,6,A2,B. zhangzhouensis,Qaidam,TRUE,Surfactin,TRUE,4.400833322773418,Cold-stimulated,Low
exp2,temp_only,SW2C3,30C,0,9.929999999999993,35.89156626506021,0.303,60.57,8.639999999999993,43.73999999999996,165.5312809627732,6,A2,B. zhangzhouensis,Qaidam,TRUE,Surfactin,TRUE,4.400833322773418,Cold-stimulated,Low
exp3,temp_only,4-2C6,4C,0,19.83,189.855072463768,0.24166666666666667,50.58,18.44,154.67999999999995,1033.1506424246277,6,NA,NA,NA,NA,NA,FALSE,2.4306950350161887,Cold-stimulated,High
exp3,temp_only,4-2C6,15C,0,19.889999999999993,161.27999999999997,0.33966666666666673,51.56,17.599999999999994,158.49999999999994,748.6236068502324,6,NA,NA,NA,NA,NA,FALSE,2.4306950350161887,Cold-stimulated,High
exp3,temp_only,4-2C6,30C,0,15.239999999999997,49.9755201958384,0.32466666666666666,56.28,12.929999999999993,128.46999999999994,425.04330141841376,6,NA,NA,NA,NA,NA,FALSE,2.4306950350161887,Cold-stimulated,Low
exp3,temp_only,SW1B2,4C,0,28.97,133.09341500765694,0.29633333333333334,40.89,28.97,115.61,505.32171608961875,6,NA,NA,NA,NA,NA,FALSE,1.7780194489032932,Cold-stimulated,Moderate
exp3,temp_only,SW1B2,15C,0,21.499999999999993,81.13207547169809,0.3419999999999999,48.21,21.499999999999993,90.09999999999992,363.62987142724006,6,NA,NA,NA,NA,NA,FALSE,1.7780194489032932,Cold-stimulated,Moderate
exp3,temp_only,SW1B2,30C,0,13.589999999999996,97.07142857142854,0.3093333333333333,55.57,13.589999999999996,50.56999999999996,284.2048304934505,6,NA,NA,NA,NA,NA,FALSE,1.7780194489032932,Cold-stimulated,Moderate
exp3,temp_only,SW4C6,4C,0,25.57,106.31276901004304,0.329,44.41,24.700000000000003,152.66000000000005,610.3444291872628,6,A3,B. zhangzhouensis,Qaidam,TRUE,Lichenysin,TRUE,1.103557733705884,Neutral,Moderate
exp3,temp_only,SW4C6,15C,0,25.6,69.83471074380168,0.5823333333333333,43.38,25.6,163.02000000000004,397.92245728950377,6,A3,B. zhangzhouensis,Qaidam,TRUE,Lichenysin,TRUE,1.103557733705884,Neutral,Moderate
exp3,temp_only,SW4C6,30C,0,18.43,76.79166666666667,0.327,56.01,13.300000000000004,125.56000000000004,553.0697765468512,6,A3,B. zhangzhouensis,Qaidam,TRUE,Lichenysin,TRUE,1.103557733705884,Neutral,Moderate
exp4,temp_only,C8-P4,4C,0,38.93,194.21052631578948,0.48666666666666664,30.21,38.93,222.03,773.5214177955563,6,A14,B. zhangzhouensis,Qaidam,TRUE,Lichenysin,TRUE,0.8395742675813935,Neutral,High
exp4,temp_only,C8-P4,15C,0,30.120000000000005,210.08174386920984,0.4306666666666667,38.22,30.120000000000005,198.18000000000004,1250.8076327722156,6,A14,B. zhangzhouensis,Qaidam,TRUE,Lichenysin,TRUE,0.8395742675813935,Neutral,High
exp4,temp_only,C8-P4,30C,0,32.690000000000005,274.7058823529412,0.27366666666666667,39.47,29.90000000000001,234.38000000000005,1292.855466468851,6,A14,B. zhangzhouensis,Qaidam,TRUE,Lichenysin,TRUE,0.8395742675813935,Neutral,High
exp4,temp_only,H5B,4C,0,5.990000000000002,17.918552036199195,0.5516666666666667,63.68,5.990000000000002,29.270000000000003,105.08235717225216,6,A10,B. thuringiensis,Qaidam,FALSE,NA,TRUE,0.32233908311034737,Warm-preferred,Low
exp4,temp_only,H5B,15C,0,8.130000000000003,24.862385321100923,0.7043333333333334,61.48,8.130000000000003,29.429999999999986,81.40332226463862,6,A10,B. thuringiensis,Qaidam,FALSE,NA,TRUE,0.32233908311034737,Warm-preferred,Low
exp4,temp_only,H5B,30C,0,14.35,66.51063829787235,0.36466666666666664,55.01,14.35,76.09,325.9994294153867,6,A10,B. thuringiensis,Qaidam,FALSE,NA,TRUE,0.32233908311034737,Warm-preferred,Moderate
exp4,temp_only,H5G,4C,0,0.39000000000000057,8.389830508474894,0.2293333333333333,69.41,0.02000000000001023,1.3400000000000605,23.618150911193982,6,A7,B. thuringiensis,Qaidam,FALSE,NA,TRUE,0.05074972945308985,Warm-preferred,Low
exp4,temp_only,H5G,15C,0,3.359999999999999,5.943396226415093,0.6343333333333333,65.89,3.359999999999999,10.980000000000004,18.286949551104676,6,A7,B. thuringiensis,Qaidam,FALSE,NA,TRUE,0.05074972945308985,Warm-preferred,Low
exp4,temp_only,H5G,30C,0,18.300000000000004,136.9077306733167,0.5253333333333333,51.01,18.300000000000004,79.12000000000003,465.3847649183086,6,A7,B. thuringiensis,Qaidam,FALSE,NA,TRUE,0.05074972945308985,Warm-preferred,Moderate
exp4,temp_only,SW1C-HB20,4C,0,17.750000000000007,308.46774193548407,0.07466666666666667,68.44,0.960000000000008,85.76000000000006,1661.5298415288237,6,A1,B. zhangzhouensis,Qaidam,TRUE,Lichenysin,TRUE,2.561730467969593,Cold-stimulated,High
exp4,temp_only,SW1C-HB20,15C,0,13.879999999999995,111.9354838709677,0.18133333333333335,66.35,2.980000000000004,76.01999999999998,610.1173448756571,6,A1,B. zhangzhouensis,Qaidam,TRUE,Lichenysin,TRUE,2.561730467969593,Cold-stimulated,Moderate
exp4,temp_only,SW1C-HB20,30C,0,14.71,81.42066420664207,0.244,65.54,3.9399999999999977,84.40000000000002,449.1663642849564,6,A1,B. zhangzhouensis,Qaidam,TRUE,Lichenysin,TRUE,2.561730467969593,Cold-stimulated,Moderate
exp4,temp_only,SW2B-HB1,4C,0,45.510000000000005,341.36563876651985,0.6469999999999999,24.03,45.510000000000005,284.27000000000004,2153.1805826214204,6,A11,Peribacillus sp.,Qaidam,FALSE,NA,TRUE,1.0578563629268396,Neutral,High
exp4,temp_only,SW2B-HB1,15C,0,41.18,314.35114503816794,0.3433333333333333,28.4,41.18,301.37999999999994,1558.7816567703403,6,A11,Peribacillus sp.,Qaidam,FALSE,NA,TRUE,1.0578563629268396,Neutral,High
exp4,temp_only,SW2B-HB1,30C,0,39.489999999999995,303.7692307692307,0.375,30.09,39.489999999999995,313.63,2035.418661815368,6,A11,Peribacillus sp.,Qaidam,FALSE,NA,TRUE,1.0578563629268396,Neutral,High
exp5,temp_only,C8-P4,4C,0,26.1,193.421052631579,0.136,43.01,26.1,48.30000000000003,686.9138519935325,6,A14,B. zhangzhouensis,Qaidam,TRUE,Lichenysin,TRUE,0.8395742675813935,Neutral,High
exp5,temp_only,C8-P4,15C,0,28.110000000000007,108.53281853281857,0.41,41.12,28.110000000000007,147.55000000000004,480.7401193607644,6,A14,B. zhangzhouensis,Qaidam,TRUE,Lichenysin,TRUE,0.8395742675813935,Neutral,Moderate
exp5,temp_only,C8-P4,30C,0,22.85000000000001,85.50943396226415,0.369,46.52,22.660000000000004,136.84000000000006,446.6395683137687,6,A14,B. zhangzhouensis,Qaidam,TRUE,Lichenysin,TRUE,0.8395742675813935,Neutral,Moderate
exp5,temp_only,H2E-10C,4C,0,11.689999999999998,28.65196078431372,0.571,57.17,11.689999999999998,50.43000000000001,103.63654831163832,6,A6,P. frigoritolerans,Qaidam,FALSE,NA,TRUE,16.131879018303806,Cold-stimulated,Low
exp5,temp_only,H2E-10C,15C,0,4.710000000000008,21.906976744186085,0.601,63.66,4.710000000000008,23.49000000000005,69.035006385245,6,A6,P. frigoritolerans,Qaidam,FALSE,NA,TRUE,16.131879018303806,Cold-stimulated,Low
exp5,temp_only,H2E-10C,30C,0,1.0499999999999972,4.117647058823518,0.399,67.8,1.0499999999999972,1.84999999999998,6.424332106262921,6,A6,P. frigoritolerans,Qaidam,FALSE,NA,TRUE,16.131879018303806,Cold-stimulated,Low
exp5,temp_only,M2-6B2,4C,0,33.67999999999999,174.50777202072535,0.193,35.67,33.67999999999999,91.73999999999994,566.1662248948796,6,NA,NA,NA,NA,NA,FALSE,6.528318792648494,Cold-stimulated,High
exp5,temp_only,M2-6B2,15C,0,14.130000000000004,80.4968944099379,0.55,56.32,12.96,52.49999999999999,256.7589984294786,6,NA,NA,NA,NA,NA,FALSE,6.528318792648494,Cold-stimulated,Moderate
exp5,temp_only,M2-6B2,30C,0,5.1000000000000085,23.076923076923116,0.36,67.37,2.5799999999999983,21.280000000000044,86.72465957582165,6,NA,NA,NA,NA,NA,FALSE,6.528318792648494,Cold-stimulated,Low
exp5,temp_only,SW1B1,4C,0,30.64999999999999,227.03703703703695,0.135,39.42,30.64999999999999,69.54999999999991,1105.894825447455,6,A4,B. zhangzhouensis,Qaidam,TRUE,Lichenysin,TRUE,1.7403965163627226,Cold-stimulated,High
exp5,temp_only,SW1B1,15C,0,33.550000000000004,138.0658436213992,0.403,36.4,33.550000000000004,220.41000000000005,695.1931970671919,6,A4,B. zhangzhouensis,Qaidam,TRUE,Lichenysin,TRUE,1.7403965163627226,Cold-stimulated,Moderate
exp5,temp_only,SW1B1,30C,0,29.429999999999993,113.6293436293436,0.389,40.56,29.429999999999993,188.80999999999997,635.4269357874142,6,A4,B. zhangzhouensis,Qaidam,TRUE,Lichenysin,TRUE,1.7403965163627226,Cold-stimulated,Moderate
exp5,temp_only,SW1C-HB20,4C,0,22.32,304.26229508196724,0.112,46.46,22.32,71.32,1008.8371664765108,6,A1,B. zhangzhouensis,Qaidam,TRUE,Lichenysin,TRUE,2.561730467969593,Cold-stimulated,High
exp5,temp_only,SW1C-HB20,15C,0,25.26,86.5068493150685,0.476,43.04,25.26,120.29999999999998,344.7796432279552,6,A1,B. zhangzhouensis,Qaidam,TRUE,Lichenysin,TRUE,2.561730467969593,Cold-stimulated,Moderate
exp5,temp_only,SW1C-HB20,30C,0,22.669999999999995,105.44186046511624,0.378,45.77,22.669999999999995,152.73,593.2411182328457,6,A1,B. zhangzhouensis,Qaidam,TRUE,Lichenysin,TRUE,2.561730467969593,Cold-stimulated,Moderate
exp5,temp_only,SW1C2,4C,0,10.130000000000004,266.57894736842115,0.266,61.19,8.370000000000005,59.11000000000003,1129.8368179807817,6,NA,NA,NA,NA,NA,FALSE,3.1356510831529474,Cold-stimulated,High
exp5,temp_only,SW1C2,15C,0,25.959999999999994,101.80392156862744,0.415,43.81,25.959999999999994,152.75999999999996,542.9053667576657,6,NA,NA,NA,NA,NA,FALSE,3.1356510831529474,Cold-stimulated,Moderate
exp5,temp_only,SW1C2,30C,0,20.99,69.96666666666668,0.39,48.76,20.99,121.43,360.3196873692696,6,NA,NA,NA,NA,NA,FALSE,3.1356510831529474,Cold-stimulated,Moderate
exp5,temp_only,SW2B2,4C,0,11.170000000000002,101.54545454545456,0.156,58.57,10.57,62.93,608.3422661290406,6,A5,B. zhangzhouensis,Qaidam,TRUE,Lichenysin,TRUE,28.045599221478536,Cold-stimulated,Moderate
exp5,temp_only,SW2B2,15C,0,7.469999999999999,48.19354838709677,0.557,61.5,7.469999999999999,40.40999999999998,168.29904490406753,6,A5,B. zhangzhouensis,Qaidam,TRUE,Lichenysin,TRUE,28.045599221478536,Cold-stimulated,Low
exp5,temp_only,SW2B2,30C,0,1,6.762589928057639,0.352,68.35,0.940000000000012,4.860000000000028,21.691184464446945,6,A5,B. zhangzhouensis,Qaidam,TRUE,Lichenysin,TRUE,28.045599221478536,Cold-stimulated,Low
exp6,temp_only,4-2A1,4C,0,1.5,49.41176470588255,0.045,69.69,0.29000000000000625,9.250000000000014,285.44611150803155,6,A13,Virgibacillus sp.,Qaidam,FALSE,NA,TRUE,0.14203387518958377,Warm-preferred,Low
exp6,temp_only,4-2A1,15C,0,20.229999999999997,152.1052631578947,0.175,69.48,0.6499999999999915,106.70999999999997,769.4044539696368,6,A13,Virgibacillus sp.,Qaidam,FALSE,NA,TRUE,0.14203387518958377,Warm-preferred,Moderate
exp6,temp_only,4-2A1,30C,0,12.57,314.25,0.04,65.03,4.859999999999999,70.88,2009.704453441295,6,A13,Virgibacillus sp.,Qaidam,FALSE,NA,TRUE,0.14203387518958377,Warm-preferred,High
exp6,temp_only,4-2C3,4C,0,4.099999999999994,93.18181818181806,0.046,67.26,2.319999999999993,17.599999999999966,440.040654997176,6,A8,B. zhangzhouensis,Qaidam,TRUE,Lichenysin,TRUE,0.5744874489920817,Warm-preferred,Moderate
exp6,temp_only,4-2C3,15C,0,32.449999999999996,210.8,0.23,47.42,22.09999999999999,230.99999999999997,1362.632778176404,6,A8,B. zhangzhouensis,Qaidam,TRUE,Lichenysin,TRUE,0.5744874489920817,Warm-preferred,High
exp6,temp_only,4-2C3,30C,0,30.869999999999997,106.9964664310954,0.351,52.3,17.189999999999998,221.88999999999996,765.9708767688694,6,A8,B. zhangzhouensis,Qaidam,TRUE,Lichenysin,TRUE,0.5744874489920817,Warm-preferred,Moderate
exp6,temp_only,KR108,4C,0,5.570000000000007,43.130434782608766,0.578,69.01,-0.46999999999999886,32.29000000000006,142.37743404703434,6,L3,Kocuria rosea,Marine,FALSE,NA,TRUE,0.05683706729338568,Warm-preferred,Low
exp6,temp_only,KR108,15C,0,27.049999999999997,133.25123152709358,0.223,68.37,0.23999999999999488,120.18,711.0787780275991,6,L3,Kocuria rosea,Marine,FALSE,NA,TRUE,0.05683706729338568,Warm-preferred,Moderate
exp6,temp_only,KR108,30C,0,29.93,735,0.319,68.18,0.5999999999999943,188.28,2505.0102130023743,6,L3,Kocuria rosea,Marine,FALSE,NA,TRUE,0.05683706729338568,Warm-preferred,High
exp6,temp_only,KR141,4C,0,8.399999999999991,42.04301075268813,0.637,67.78,0.7099999999999937,40.62999999999994,152.87068861025784,6,L2,Sphingobium sp.,Marine,FALSE,NA,TRUE,1.3158466352507754,Neutral,Low
exp6,temp_only,KR141,15C,0,12.9,26.652892561983467,0.614,58.35,10.309999999999995,62.009999999999984,117.27608442396948,6,L2,Sphingobium sp.,Marine,FALSE,NA,TRUE,1.3158466352507754,Neutral,Low
exp6,temp_only,KR141,30C,0,22.96,50.35087719298246,0.468,45.77,22.96,52.42000000000002,116.1766763047759,6,L2,Sphingobium sp.,Marine,FALSE,NA,TRUE,1.3158466352507754,Neutral,Low
exp6,temp_only,M2-3-i9,4C,0,10.68,232.17391304347825,0.05,65.16,4.1200000000000045,50.46000000000002,1144.5256038647349,6,A9,B. zhangzhouensis,Qaidam,TRUE,Lichenysin,TRUE,1.0275709571358,Neutral,High
exp6,temp_only,M2-3-i9,15C,0,33.300000000000004,248.5074626865672,0.263,45.42,23.75,247.65,1530.7961034843895,6,A9,B. zhangzhouensis,Qaidam,TRUE,Lichenysin,TRUE,1.0275709571358,Neutral,High
exp6,temp_only,M2-3-i9,30C,0,31.080000000000005,305.93750000000006,0.275,48.3,21.010000000000005,167.91000000000005,1113.8166137498945,6,A9,B. zhangzhouensis,Qaidam,TRUE,Lichenysin,TRUE,1.0275709571358,Neutral,High
exp6,temp_only,SX203,4C,0,7.920000000000002,15.683168316831686,0.519,66.02,2.8200000000000074,24.020000000000024,79.23064570342696,6,L1,Sphingobium sp.,Marine,FALSE,NA,TRUE,4.91050929026973,Cold-stimulated,Low
exp6,temp_only,SX203,15C,0,0.5600000000000023,1.3970588235294472,0.541,68.82,0.0800000000000125,3.960000000000065,9.8874928537807385,6,L1,Sphingobium sp.,Marine,FALSE,NA,TRUE,4.91050929026973,Cold-stimulated,Low
exp6,temp_only,SX203,30C,0,0.5899999999999892,2.7358490566037656,0.406,68.26,0.5899999999999892,4.30999999999996,16.13491412396348,6,L1,Sphingobium sp.,Marine,FALSE,NA,TRUE,4.91050929026973,Cold-stimulated,Low
exp6,temp_only,SX206,4C,0,0.8200000000000074,8.82352941176504,0.514,68.19,0.7000000000000028,4.92000000000003,37.87816742761886,6,NA,NA,NA,NA,NA,FALSE,3.357891632111554,Cold-stimulated,Low
exp6,temp_only,SX206,15C,0,0.6600000000000108,1.276595744680872,0.517,68.33,0.4000000000000057,1.0400000000000489,2.5577411495687508,6,NA,NA,NA,NA,NA,FALSE,3.357891632111554,Cold-stimulated,Low
exp6,temp_only,SX206,30C,0,0.4300000000000068,1.9626168224299143,0.422,68.58,0.230000000000004,3.0700000000000074,11.280342422426482,6,NA,NA,NA,NA,NA,FALSE,3.357891632111554,Cold-stimulated,Low
exp7,temp_salinity,SW1B1,4C,0.5,1.7299999999999898,24.252336448597983,0.08866666666666667,68.38,1.3599999999999994,8.399999999999963,160.59171988299474,6,A4,B. zhangzhouensis,Qaidam,TRUE,Lichenysin,TRUE,1.7403965163627226,Cold-stimulated,Low
exp7,temp_salinity,SW1B1,4C,1,1.7900000000000065,37.55244755244768,0.04766666666666667,67.89,1.7900000000000065,6.490000000000023,165.53700928367996,6,A4,B. zhangzhouensis,Qaidam,TRUE,Lichenysin,TRUE,1.7403965163627226,Cold-stimulated,Low
exp7,temp_salinity,SW1B1,4C,1.5,1.4200000000000017,40.57142857142862,0.03833333333333333,68.41,1.4200000000000017,5.579999999999998,155.41652932229312,6,A4,B. zhangzhouensis,Qaidam,TRUE,Lichenysin,TRUE,1.7403965163627226,Cold-stimulated,Low
exp7,temp_salinity,SW1B1,15C,0.5,18.57,49.257294429708224,0.4546666666666667,62.38,6.729999999999997,113.82999999999998,322.69638604573123,6,A4,B. zhangzhouensis,Qaidam,TRUE,Lichenysin,TRUE,1.7403965163627226,Cold-stimulated,Low
exp7,temp_salinity,SW1B1,15C,1,18.940000000000005,83.68421052631581,0.5716666666666667,62.87,5.500000000000007,117.72000000000006,426.5522419646692,6,A4,B. zhangzhouensis,Qaidam,TRUE,Lichenysin,TRUE,1.7403965163627226,Cold-stimulated,Moderate
exp7,temp_salinity,SW1B1,15C,1.5,15.54,263.9449541284403,0.32866666666666666,63.93,5.68,93.86,1049.7731926208908,6,A4,B. zhangzhouensis,Qaidam,TRUE,Lichenysin,TRUE,1.7403965163627226,Cold-stimulated,High
exp7,temp_salinity,SW1B1,30C,0.5,14.870000000000005,104.62395543175492,0.3463333333333334,63.93,5.550000000000004,90.95000000000005,492.1186977561697,6,A4,B. zhangzhouensis,Qaidam,TRUE,Lichenysin,TRUE,1.7403965163627226,Cold-stimulated,Moderate
exp7,temp_salinity,SW1B1,30C,1,8.219999999999999,39.39297124600638,0.38433333333333336,66.27,3.3700000000000045,53.97,196.62706601686816,6,A4,B. zhangzhouensis,Qaidam,TRUE,Lichenysin,TRUE,1.7403965163627226,Cold-stimulated,Low
exp7,temp_salinity,SW1B1,30C,1.5,4.920000000000002,48.55263157894738,0.5223333333333333,69.87,0.0099999999999909,26.84999999999999,170.96410589007718,6,A4,B. zhangzhouensis,Qaidam,TRUE,Lichenysin,TRUE,1.7403965163627226,Cold-stimulated,Low
exp7,temp_salinity,SW2B2,4C,0.5,1.5300000000000011,22.300884955752306,0.07533333333333332,68.29,1.3499999999999943,9.150000000000006,179.27670275544028,6,A5,B. zhangzhouensis,Qaidam,TRUE,Lichenysin,TRUE,28.045599221478536,Cold-stimulated,Low
exp7,temp_salinity,SW2B2,4C,1,1.5,23.867403314917325,0.06966666666666667,68.04,1.5,5.060000000000059,93.3234282019592,6,A5,B. zhangzhouensis,Qaidam,TRUE,Lichenysin,TRUE,28.045599221478536,Cold-stimulated,Low
exp7,temp_salinity,SW2B2,4C,1.5,1.019999999999996,24.28571428571419,0.042,68.68,1.019999999999996,5.859999999999999,169.5243917831141,6,A5,B. zhangzhouensis,Qaidam,TRUE,Lichenysin,TRUE,28.045599221478536,Cold-stimulated,Low
exp7,temp_salinity,SW2B2,15C,0.5,18.19,59.956458635703925,0.4073333333333333,56.41,12.980000000000004,121.94,425.5990097144695,6,A5,B. zhangzhouensis,Qaidam,TRUE,Lichenysin,TRUE,28.045599221478536,Cold-stimulated,Low
exp7,temp_salinity,SW2B2,15C,1,18.25,55.84615384615384,0.5223333333333334,58.49,10.919999999999996,126.39999999999998,323.6040355268701,6,A5,B. zhangzhouensis,Qaidam,TRUE,Lichenysin,TRUE,28.045599221478536,Cold-stimulated,Low
exp7,temp_salinity,SW2B2,15C,1.5,15.39,278.3458646616542,0.5106666666666667,60.26,9.520000000000003,99.86000000000004,903.9331726271704,6,A5,B. zhangzhouensis,Qaidam,TRUE,Lichenysin,TRUE,28.045599221478536,Cold-stimulated,High
exp7,temp_salinity,SW2B2,30C,0.5,7.030000000000001,63.143712574850305,0.36233333333333334,69.21,0.29000000000000625,36.209999999999994,217.35976593473237,6,A5,B. zhangzhouensis,Qaidam,TRUE,Lichenysin,TRUE,28.045599221478536,Cold-stimulated,Low
exp7,temp_salinity,SW2B2,30C,1,6.550000000000004,41.24010554089716,0.39433333333333337,69.53,0.09000000000000341,30.69000000000004,164.03761598487745,6,A5,B. zhangzhouensis,Qaidam,TRUE,Lichenysin,TRUE,28.045599221478536,Cold-stimulated,Low
exp7,temp_salinity,SW2B2,30C,1.5,5.820000000000007,31.178571428571463,0.27066666666666667,70.29,-1.2800000000000011,30.540000000000063,154.97744621510546,6,A5,B. zhangzhouensis,Qaidam,TRUE,Lichenysin,TRUE,28.045599221478536,Cold-stimulated,Low
exp8,temp_salinity,SW1C-HB20,4C,0.5,9.15,43.77990430622009,0.209,60.63,9.15,13.469999999999992,136.89796524605387,6,A1,B. zhangzhouensis,Qaidam,TRUE,Lichenysin,TRUE,2.561730467969593,Cold-stimulated,Low
exp8,temp_salinity,SW1C-HB20,4C,1,8.150000000000006,98.9516129032259,0.13033333333333333,61.28,8.150000000000006,20.25000000000003,349.86382366449567,6,A1,B. zhangzhouensis,Qaidam,TRUE,Lichenysin,TRUE,2.561730467969593,Cold-stimulated,Moderate
exp8,temp_salinity,SW1C-HB20,4C,1.5,1.75,42,0.04466666666666667,67.39,1.75,8.27000000000001,196.90009179090112,6,A1,B. zhangzhouensis,Qaidam,TRUE,Lichenysin,TRUE,2.561730467969593,Cold-stimulated,Low
exp8,temp_salinity,SW1C-HB20,15C,0.5,7.829999999999998,40.085324232081895,0.38766666666666666,61.5,7.829999999999998,61.42999999999998,225.2175051515685,6,A1,B. zhangzhouensis,Qaidam,TRUE,Lichenysin,TRUE,2.561730467969593,Cold-stimulated,Low
exp8,temp_salinity,SW1C-HB20,15C,1,10.15,27.972508591065296,0.3833333333333333,66.97,2.609999999999999,50.389999999999986,193.56624474687553,6,A1,B. zhangzhouensis,Qaidam,TRUE,Lichenysin,TRUE,2.561730467969593,Cold-stimulated,Low
exp8,temp_salinity,SW1C-HB20,15C,1.5,13.439999999999998,29.64705882352941,0.4533333333333333,63.57,6.259999999999998,89.59999999999997,243.0277955276781,6,A1,B. zhangzhouensis,Qaidam,TRUE,Lichenysin,TRUE,2.561730467969593,Cold-stimulated,Low
exp8,temp_salinity,SW1C-HB20,30C,0.5,8.470000000000006,36.19658119658122,0.32233333333333336,67.12,2.359999999999999,56.20000000000003,243.1497991113348,6,A1,B. zhangzhouensis,Qaidam,TRUE,Lichenysin,TRUE,2.561730467969593,Cold-stimulated,Low
exp8,temp_salinity,SW1C-HB20,30C,1,8.850000000000009,37.98283261802579,0.426,67.79,2.140000000000001,49.42000000000005,170.93227990181703,6,A1,B. zhangzhouensis,Qaidam,TRUE,Lichenysin,TRUE,2.561730467969593,Cold-stimulated,Low
exp8,temp_salinity,SW1C-HB20,30C,1.5,3.7900000000000063,22.88343558282211,0.431,67.86,1.980000000000004,26.800000000000026,129.41934117643277,6,A1,B. zhangzhouensis,Qaidam,TRUE,Lichenysin,TRUE,2.561730467969593,Cold-stimulated,Low
exp8,temp_salinity,SW4C6,4C,0.5,7.719999999999999,47.950310559006205,0.161,61.89,7.719999999999999,12.700000000000015,160.05862302503218,6,A3,B. zhangzhouensis,Qaidam,TRUE,Lichenysin,TRUE,1.103557733705884,Neutral,Low
exp8,temp_salinity,SW4C6,4C,1,5.960000000000001,102.1714285714286,0.05833333333333333,63.74,5.960000000000001,12.980000000000013,263.97905500406966,6,A3,B. zhangzhouensis,Qaidam,TRUE,Lichenysin,TRUE,1.103557733705884,Neutral,Moderate
exp8,temp_salinity,SW4C6,4C,1.5,2.219999999999999,52.03124999999997,0.04266666666666666,67.65,2.219999999999999,12.500000000000028,315.4471829790955,6,A3,B. zhangzhouensis,Qaidam,TRUE,Lichenysin,TRUE,1.103557733705884,Neutral,Low
exp8,temp_salinity,SW4C6,15C,0.5,12.849999999999994,68.3510638297872,0.421,56.59,12.849999999999994,94.14999999999998,348.20869906412935,6,A3,B. zhangzhouensis,Qaidam,TRUE,Lichenysin,TRUE,1.103557733705884,Neutral,Moderate
exp8,temp_salinity,SW4C6,15C,1,14.28,53.75156838143037,0.429,60.71,9.009999999999998,102.32999999999998,357.0496378438043,6,A3,B. zhangzhouensis,Qaidam,TRUE,Lichenysin,TRUE,1.103557733705884,Neutral,Low
exp8,temp_salinity,SW4C6,15C,1.5,10.309999999999995,240.4838709677419,0.3233333333333333,69.1,0.28000000000000114,73.47999999999998,671.692998321219,6,A3,B. zhangzhouensis,Qaidam,TRUE,Lichenysin,TRUE,1.103557733705884,Neutral,High
exp8,temp_salinity,SW4C6,30C,0.5,7.210000000000001,15.527638190954775,0.637,62.15,7.210000000000001,43.72999999999998,93.12778936986254,6,A3,B. zhangzhouensis,Qaidam,TRUE,Lichenysin,TRUE,1.103557733705884,Neutral,Low
exp8,temp_salinity,SW4C6,30C,1,8.29,34.398340248962654,0.42333333333333334,66.55,2.8700000000000045,42.39000000000003,151.69563958375312,6,A3,B. zhangzhouensis,Qaidam,TRUE,Lichenysin,TRUE,1.103557733705884,Neutral,Low
exp8,temp_salinity,SW4C6,30C,1.5,4.3999999999999915,25.631067961165,0.5443333333333333,66.56,3.019999999999996,20.999999999999957,95.24145446982573,6,A3,B. zhangzhouensis,Qaidam,TRUE,Lichenysin,TRUE,1.103557733705884,Neutral,Low
exp9,temp_salinity,M2-3-i9,4C,0.5,21.25,99.609375,0.21333333333333335,48.59,21.25,77.03000000000002,420.2483541049478,6,A9,B. zhangzhouensis,Qaidam,TRUE,Lichenysin,TRUE,1.0275709571358,Neutral,Moderate
exp9,temp_salinity,M2-3-i9,4C,1,12.860000000000008,93.58695652173915,0.205,56.9,12.860000000000008,71.46000000000004,604.3785453198126,6,A9,B. zhangzhouensis,Qaidam,TRUE,Lichenysin,TRUE,1.0275709571358,Neutral,Moderate
exp9,temp_salinity,M2-3-i9,4C,1.5,12.28,169.60629921259843,0.18499999999999997,57.69,12.28,46.10000000000001,864.2971171544525,6,A9,B. zhangzhouensis,Qaidam,TRUE,Lichenysin,TRUE,1.0275709571358,Neutral,High
exp9,temp_salinity,M2-3-i9,15C,0.5,16.300000000000004,97.80000000000004,0.21066666666666667,56.81,12.97,104.21000000000002,601.4911660543302,6,A9,B. zhangzhouensis,Qaidam,TRUE,Lichenysin,TRUE,1.0275709571358,Neutral,Moderate
exp9,temp_salinity,M2-3-i9,15C,1,7.509999999999998,38.12182741116751,0.228,62.38,7.509999999999998,39.669999999999995,204.64419264834305,6,A9,B. zhangzhouensis,Qaidam,TRUE,Lichenysin,TRUE,1.0275709571358,Neutral,Low
exp9,temp_salinity,M2-3-i9,15C,1.5,8.750000000000007,25.240384615384635,0.3466666666666667,66.45,3.530000000000001,35.19000000000004,114.37855623335504,6,A9,B. zhangzhouensis,Qaidam,TRUE,Lichenysin,TRUE,1.0275709571358,Neutral,Low
exp9,temp_salinity,M2-3-i9,30C,0.5,18.839999999999996,87.35703245749612,0.261,50.85,18.839999999999996,113.43999999999996,518.569729693052,6,A9,B. zhangzhouensis,Qaidam,TRUE,Lichenysin,TRUE,1.0275709571358,Neutral,Moderate
exp9,temp_salinity,M2-3-i9,30C,1,9.339999999999996,42.5835866261398,0.2796666666666667,60.87,9.339999999999996,57.339999999999954,250.54985205559535,6,A9,B. zhangzhouensis,Qaidam,TRUE,Lichenysin,TRUE,1.0275709571358,Neutral,Low
exp9,temp_salinity,M2-3-i9,30C,1.5,10.670000000000002,49.55108359133127,0.2383333333333333,66.82,2.940000000000012,45.46000000000005,206.4346523370895,6,A9,B. zhangzhouensis,Qaidam,TRUE,Lichenysin,TRUE,1.0275709571358,Neutral,Low
exp9,temp_salinity,SW2BHB1,4C,0.5,6.300000000000004,36.83333333333335,0.21333333333333335,63.62,6.300000000000004,28.559999999999995,229.68900877264952,6,A12,B. pumilus,Qaidam,TRUE,Lichenysin,TRUE,NA,NA,Low
exp9,temp_salinity,SW2BHB1,4C,1,23.790000000000006,117.77227722772278,0.20200000000000004,46.22,23.790000000000006,41.090000000000046,557.8089414961615,6,A12,B. pumilus,Qaidam,TRUE,Lichenysin,TRUE,NA,NA,Moderate
exp9,temp_salinity,SW2BHB1,4C,1.5,17.799999999999997,64.64891041162225,0.2753333333333334,52.14,17.799999999999997,42.59999999999998,341.1559344502631,6,A12,B. pumilus,Qaidam,TRUE,Lichenysin,TRUE,NA,NA,Low
exp9,temp_salinity,SW2BHB1,15C,0.5,27.549999999999997,131.19047619047618,0.22933333333333336,42.58,27.549999999999997,173.62999999999994,821.7869902011506,6,A12,B. pumilus,Qaidam,TRUE,Lichenysin,TRUE,NA,NA,Moderate
exp9,temp_salinity,SW2BHB1,15C,1,25.609999999999992,87.90617848970251,0.3463333333333333,44.27,25.609999999999992,176.20999999999995,598.1951523989785,6,A12,B. pumilus,Qaidam,TRUE,Lichenysin,TRUE,NA,NA,Moderate
exp9,temp_salinity,SW2BHB1,15C,1.5,17.040000000000006,69.64577656675752,0.38800000000000007,58.86,11.010000000000003,103.63000000000004,378.96755891231066,6,A12,B. pumilus,Qaidam,TRUE,Lichenysin,TRUE,NA,NA,Moderate
exp9,temp_salinity,SW2BHB1,30C,0.5,27.03000000000001,120.49034175334326,0.3076666666666667,58.53,11.260000000000003,191.52000000000007,840.3983968044187,6,A12,B. pumilus,Qaidam,TRUE,Lichenysin,TRUE,NA,NA,Moderate
exp9,temp_salinity,SW2BHB1,30C,1,23.630000000000003,110.765625,0.2783333333333333,58.7,11.39,159.69,737.8781204951323,6,A12,B. pumilus,Qaidam,TRUE,Lichenysin,TRUE,NA,NA,Moderate
exp9,temp_salinity,SW2BHB1,30C,1.5,15.769999999999996,53.82252559726962,0.324,59.67,10.519999999999996,102.19999999999996,348.12401440458154,6,A12,B. pumilus,Qaidam,TRUE,Lichenysin,TRUE,NA,NA,Low
